{
  "name": "en-la-oscuridad",
  "title": "En la oscuridad",
  "description": "<p>EN LA OSCURIDAD es un juego de rol de ciencia ficci&oacute;n que se basa en las siguientes premisas:</p>\n<p><br />Se puede hacer una copia de seguridad de la consciencia humana y descargarla en nuevas fundas corporales.</p>\n<p>La humanidad se ha extendido m&aacute;s all&aacute; del sistema solar gracias a portales de origen extraterrestre.</p>\n<p>Se han encontrado vestigios de civilizaciones extraterrestres, pero no se ha establecido ning&uacute;n contacto.</p>\n<p>&nbsp;</p>\n<p>Aparte de estos tres puntos, EN LA OSCURIDAD no desarrolla un universo especifico, sino que provee al Director de Juego de numerosos elementos para ayudarle a crear &ldquo;su&rdquo; universo con sus jugadores.</p>",
  "authors": [],
  "flags": {},
  "version": "1.0.0",
  "scripts": [],
  "esmodules": [],
  "styles": [],
  "languages": [],
  "packs": [],
  "system": "sandbox",
  "dependencies": [],
  "socket": false,
  "protected": false,
  "background": "worlds/en-la-oscuridad/ede86d9993852b07179826152cdc41d4.jpg",
  "coreVersion": "9.245",
  "nextSession": null,
  "resetKeys": false,
  "safeMode": false,
  "systemVersion": "0.12.2"
}