{
  "name": "omerta",
  "title": "Omertá",
  "description": "<p>“Puedes conseguir más con una palabra amable y una pistola que sólo con una palabra amable.”</p>\n<p> </p>\n<p>Al Capone, gángster</p>",
  "authors": [],
  "flags": {},
  "version": "1.0.0",
  "scripts": [],
  "esmodules": [],
  "styles": [],
  "languages": [],
  "packs": [],
  "system": "sandbox",
  "dependencies": [],
  "socket": false,
  "protected": false,
  "coreVersion": "9.245",
  "resetKeys": false,
  "safeMode": false,
  "systemVersion": "0.12.2"
}